{
  "_description": "This fixture was generated by scripts/generate-fixture.ts. It includes an offer with 1 passenger and 1 slice: FCO,ORY. This is helpful for testing the scenario of having multiple baggage services of the same type (only one can selected per segment per passenger). ",
  "updated_at": "2023-05-23T16:19:17.805341Z",
  "total_emissions_kg": "28",
  "total_currency": "GBP",
  "total_amount": "29.59",
  "tax_currency": "GBP",
  "tax_amount": "26.97",
  "slices": [
    {
      "segments": [
        {
          "stops": [],
          "passengers": [
            {
              "passenger_id": "pas_0000AVx4lOnPaZtmydad4S",
              "fare_basis_code": "PBATO",
              "cabin_class_marketing_name": "Economy",
              "cabin_class": "economy",
              "baggages": [
                {
                  "type": "checked",
                  "quantity": 0
                },
                {
                  "type": "carry_on",
                  "quantity": 1
                }
              ]
            }
          ],
          "origin_terminal": null,
          "origin": {
            "type": "airport",
            "time_zone": "Europe/Rome",
            "name": "Leonardo da Vinci-Fiumicino Airport",
            "longitude": 12.242563,
            "latitude": 41.800082,
            "id": "arp_fco_it",
            "icao_code": "LIRF",
            "iata_country_code": "IT",
            "iata_code": "FCO",
            "iata_city_code": "ROM",
            "city_name": "Rome",
            "city": {
              "type": "city",
              "time_zone": null,
              "name": "Rome",
              "longitude": null,
              "latitude": null,
              "id": "cit_rom_it",
              "icao_code": null,
              "iata_country_code": "IT",
              "iata_code": "ROM",
              "iata_city_code": "ROM",
              "city_name": null
            },
            "airports": null
          },
          "operating_carrier_flight_number": "3951",
          "operating_carrier": {
            "name": "Transavia France",
            "logo_symbol_url": "https://assets.duffel.com/img/airlines/for-light-background/full-color-logo/TO.svg",
            "logo_lockup_url": "https://assets.duffel.com/img/airlines/for-light-background/full-color-lockup/TO.svg",
            "id": "arl_00009VME7DEATorL0sX28D",
            "iata_code": "TO",
            "conditions_of_carriage_url": "https://www.transavia.com/en-UK/conditions/conditions-of-carriage/"
          },
          "marketing_carrier_flight_number": "3951",
          "marketing_carrier": {
            "name": "Transavia France",
            "logo_symbol_url": "https://assets.duffel.com/img/airlines/for-light-background/full-color-logo/TO.svg",
            "logo_lockup_url": "https://assets.duffel.com/img/airlines/for-light-background/full-color-lockup/TO.svg",
            "id": "arl_00009VME7DEATorL0sX28D",
            "iata_code": "TO",
            "conditions_of_carriage_url": "https://www.transavia.com/en-UK/conditions/conditions-of-carriage/"
          },
          "id": "seg_0000AVx4lUClTk9LkiURma",
          "duration": "PT2H10M",
          "distance": null,
          "destination_terminal": null,
          "destination": {
            "type": "airport",
            "time_zone": "Europe/Paris",
            "name": "Paris-Orly Airport",
            "longitude": 2.362898,
            "latitude": 48.726427,
            "id": "arp_ory_fr",
            "icao_code": "LFPO",
            "iata_country_code": "FR",
            "iata_code": "ORY",
            "iata_city_code": "PAR",
            "city_name": "Paris",
            "city": {
              "type": "city",
              "time_zone": null,
              "name": "Paris",
              "longitude": null,
              "latitude": null,
              "id": "cit_par_fr",
              "icao_code": null,
              "iata_country_code": "FR",
              "iata_code": "PAR",
              "iata_city_code": "PAR",
              "city_name": null
            },
            "airports": null
          },
          "departing_at": "2023-05-30T06:30:00",
          "arriving_at": "2023-05-30T08:40:00",
          "aircraft": null
        }
      ],
      "origin_type": "airport",
      "origin": {
        "type": "airport",
        "time_zone": "Europe/Rome",
        "name": "Leonardo da Vinci-Fiumicino Airport",
        "longitude": 12.242563,
        "latitude": 41.800082,
        "id": "arp_fco_it",
        "icao_code": "LIRF",
        "iata_country_code": "IT",
        "iata_code": "FCO",
        "iata_city_code": "ROM",
        "city_name": "Rome",
        "city": {
          "type": "city",
          "time_zone": null,
          "name": "Rome",
          "longitude": null,
          "latitude": null,
          "id": "cit_rom_it",
          "icao_code": null,
          "iata_country_code": "IT",
          "iata_code": "ROM",
          "iata_city_code": "ROM",
          "city_name": null
        },
        "airports": null
      },
      "id": "sli_0000AVx4lUEBOTHfp79Zzh",
      "fare_brand_name": "Basic",
      "duration": "PT2H10M",
      "destination_type": "airport",
      "destination": {
        "type": "airport",
        "time_zone": "Europe/Paris",
        "name": "Paris-Orly Airport",
        "longitude": 2.362898,
        "latitude": 48.726427,
        "id": "arp_ory_fr",
        "icao_code": "LFPO",
        "iata_country_code": "FR",
        "iata_code": "ORY",
        "iata_city_code": "PAR",
        "city_name": "Paris",
        "city": {
          "type": "city",
          "time_zone": null,
          "name": "Paris",
          "longitude": null,
          "latitude": null,
          "id": "cit_par_fr",
          "icao_code": null,
          "iata_country_code": "FR",
          "iata_code": "PAR",
          "iata_city_code": "PAR",
          "city_name": null
        },
        "airports": null
      },
      "conditions": {
        "change_before_departure": {
          "penalty_currency": "EUR",
          "penalty_amount": "50",
          "allowed": true
        }
      }
    }
  ],
  "private_fares": [],
  "payment_requirements": {
    "requires_instant_payment": true,
    "price_guarantee_expires_at": null,
    "payment_required_by": null
  },
  "passengers": [
    {
      "type": "adult",
      "loyalty_programme_accounts": [],
      "id": "pas_0000AVx4lOnPaZtmydad4S",
      "given_name": null,
      "family_name": null,
      "age": null
    }
  ],
  "passenger_identity_documents_required": false,
  "partial": false,
  "owner": {
    "name": "Transavia France",
    "logo_symbol_url": "https://assets.duffel.com/img/airlines/for-light-background/full-color-logo/TO.svg",
    "logo_lockup_url": "https://assets.duffel.com/img/airlines/for-light-background/full-color-lockup/TO.svg",
    "id": "arl_00009VME7DEATorL0sX28D",
    "iata_code": "TO",
    "conditions_of_carriage_url": "https://www.transavia.com/en-UK/conditions/conditions-of-carriage/"
  },
  "live_mode": false,
  "id": "off_0000AVx4lUFFKW8PsPeQeQ",
  "expires_at": "2033-05-20T16:19:18.434Z",
  "created_at": "2023-05-23T16:19:16.939347Z",
  "conditions": {
    "refund_before_departure": {
      "penalty_currency": null,
      "penalty_amount": null,
      "allowed": false
    },
    "change_before_departure": {
      "penalty_currency": "EUR",
      "penalty_amount": "50",
      "allowed": true
    }
  },
  "base_currency": "GBP",
  "base_amount": "2.62",
  "available_services": [
    {
      "type": "baggage",
      "total_currency": "GBP",
      "total_amount": "16.48",
      "segment_ids": ["seg_0000AVx4lUClTk9LkiURma"],
      "passenger_ids": ["pas_0000AVx4lOnPaZtmydad4S"],
      "metadata": {
        "type": "checked",
        "maximum_weight_kg": 15,
        "maximum_length_cm": null,
        "maximum_height_cm": null,
        "maximum_depth_cm": null
      },
      "maximum_quantity": 1,
      "id": "ase_0000AVx4lcq3NYKYWsvw8G"
    },
    {
      "type": "baggage",
      "total_currency": "GBP",
      "total_amount": "21.68",
      "segment_ids": ["seg_0000AVx4lUClTk9LkiURma"],
      "passenger_ids": ["pas_0000AVx4lOnPaZtmydad4S"],
      "metadata": {
        "type": "checked",
        "maximum_weight_kg": 20,
        "maximum_length_cm": null,
        "maximum_height_cm": null,
        "maximum_depth_cm": null
      },
      "maximum_quantity": 1,
      "id": "ase_0000AVx4lcq3NYKYWsvw8H"
    },
    {
      "type": "baggage",
      "total_currency": "GBP",
      "total_amount": "21.68",
      "segment_ids": ["seg_0000AVx4lUClTk9LkiURma"],
      "passenger_ids": ["pas_0000AVx4lOnPaZtmydad4S"],
      "metadata": {
        "type": "checked",
        "maximum_weight_kg": 25,
        "maximum_length_cm": null,
        "maximum_height_cm": null,
        "maximum_depth_cm": null
      },
      "maximum_quantity": 1,
      "id": "ase_0000AVx4lcq3NYKYWsvw8I"
    },
    {
      "type": "baggage",
      "total_currency": "GBP",
      "total_amount": "32.08",
      "segment_ids": ["seg_0000AVx4lUClTk9LkiURma"],
      "passenger_ids": ["pas_0000AVx4lOnPaZtmydad4S"],
      "metadata": {
        "type": "checked",
        "maximum_weight_kg": 30,
        "maximum_length_cm": null,
        "maximum_height_cm": null,
        "maximum_depth_cm": null
      },
      "maximum_quantity": 1,
      "id": "ase_0000AVx4lcq3NYKYWsvw8J"
    },
    {
      "type": "cancel_for_any_reason",
      "total_currency": "GBP",
      "total_amount": "6.33",
      "segment_ids": ["seg_0000AVx4lUClTk9LkiURma"],
      "passenger_ids": ["pas_0000AVx4lOnPaZtmydad4S"],
      "metadata": {
        "terms_and_conditions_url": "https://duffel.com/cfar_terms_and_conditions",
        "refund_amount": "22.19",
        "merchant_copy": "Cancel for any reason - Provided in partnership with Duffel\nIf you purchase this product we can refund up to 75% of your base fare if you cancel 24 hours before your first scheduled departure. To cancel, please contact us using the details in your email confirmation.\n\nNote this is not insurance and may be purchased in addition to your travel insurance. See the CFAR terms and conditions here: https://duffel.com/cfar_terms_and_conditions.\n"
      },
      "maximum_quantity": 1,
      "id": "cfa_0000AVx4lcvN3maGnNQBQ8"
    }
  ],
  "allowed_passenger_identity_document_types": []
}
