{
  "_description": "This fixture was generated by scripts/generate-fixture.ts. It includes an offer with 2 passengers and 2 slices: JFK,LAX ⇢ LAX,JFK",
  "updated_at": "2023-04-14T09:28:21.569186Z",
  "total_emissions_kg": "806",
  "total_currency": "GBP",
  "total_amount": "652.64",
  "tax_currency": "GBP",
  "tax_amount": "99.56",
  "slices": [
    {
      "segments": [
        {
          "stops": [],
          "passengers": [
            {
              "passenger_id": "pas_0000AUde3KY1SptM6ABSfT",
              "fare_basis_code": "Y20LGTN2",
              "cabin_class_marketing_name": "Economy",
              "cabin_class": "economy",
              "baggages": [
                {
                  "type": "checked",
                  "quantity": 1
                },
                {
                  "type": "carry_on",
                  "quantity": 1
                }
              ]
            },
            {
              "passenger_id": "pas_0000AUde3KY1SptM6ABSfU",
              "fare_basis_code": "Y20LGTN2",
              "cabin_class_marketing_name": "Economy",
              "cabin_class": "economy",
              "baggages": []
            }
          ],
          "origin_terminal": "2",
          "origin": {
            "type": "airport",
            "time_zone": "America/New_York",
            "name": "John F. Kennedy International Airport",
            "longitude": -73.778519,
            "latitude": 40.640556,
            "id": "arp_jfk_us",
            "icao_code": "KJFK",
            "iata_country_code": "US",
            "iata_code": "JFK",
            "iata_city_code": "NYC",
            "city_name": "New York",
            "city": {
              "type": "city",
              "time_zone": null,
              "name": "New York",
              "longitude": null,
              "latitude": null,
              "id": "cit_nyc_us",
              "icao_code": null,
              "iata_country_code": "US",
              "iata_code": "NYC",
              "iata_city_code": "NYC",
              "city_name": null
            },
            "airports": null
          },
          "operating_carrier_flight_number": "9902",
          "operating_carrier": {
            "name": "Duffel Airways",
            "logo_symbol_url": "https://assets.duffel.com/img/airlines/for-light-background/full-color-logo/ZZ.svg",
            "logo_lockup_url": null,
            "id": "arl_00009VME7D6ivUu8dn35WK",
            "iata_code": "ZZ",
            "conditions_of_carriage_url": null
          },
          "marketing_carrier_flight_number": "9902",
          "marketing_carrier": {
            "name": "Duffel Airways",
            "logo_symbol_url": "https://assets.duffel.com/img/airlines/for-light-background/full-color-logo/ZZ.svg",
            "logo_lockup_url": null,
            "id": "arl_00009VME7D6ivUu8dn35WK",
            "iata_code": "ZZ",
            "conditions_of_carriage_url": null
          },
          "id": "seg_0000AUde3Kw81DArIvSiF0",
          "duration": "PT6H1M",
          "distance": "4075.389138263169",
          "destination_terminal": "1",
          "destination": {
            "type": "airport",
            "time_zone": "America/Los_Angeles",
            "name": "Los Angeles International Airport",
            "longitude": -118.408263,
            "latitude": 33.942045,
            "id": "arp_lax_us",
            "icao_code": "KLAX",
            "iata_country_code": "US",
            "iata_code": "LAX",
            "iata_city_code": "LAX",
            "city_name": "Los Angeles",
            "city": {
              "type": "city",
              "time_zone": null,
              "name": "Los Angeles",
              "longitude": null,
              "latitude": null,
              "id": "cit_lax_us",
              "icao_code": null,
              "iata_country_code": "US",
              "iata_code": "LAX",
              "iata_city_code": "LAX",
              "city_name": null
            },
            "airports": null
          },
          "departing_at": "2023-04-21T15:29:00",
          "arriving_at": "2023-04-21T18:30:00",
          "aircraft": {
            "name": "Boeing 777-300",
            "id": "arc_00009VMF8AhXSSRnQDI6HE",
            "iata_code": "773"
          }
        }
      ],
      "origin_type": "airport",
      "origin": {
        "type": "airport",
        "time_zone": "America/New_York",
        "name": "John F. Kennedy International Airport",
        "longitude": -73.778519,
        "latitude": 40.640556,
        "id": "arp_jfk_us",
        "icao_code": "KJFK",
        "iata_country_code": "US",
        "iata_code": "JFK",
        "iata_city_code": "NYC",
        "city_name": "New York",
        "city": {
          "type": "city",
          "time_zone": null,
          "name": "New York",
          "longitude": null,
          "latitude": null,
          "id": "cit_nyc_us",
          "icao_code": null,
          "iata_country_code": "US",
          "iata_code": "NYC",
          "iata_city_code": "NYC",
          "city_name": null
        },
        "airports": null
      },
      "id": "sli_0000AUde3KwTztSRK1cznE",
      "fare_brand_name": "Basic",
      "duration": "PT6H1M",
      "destination_type": "airport",
      "destination": {
        "type": "airport",
        "time_zone": "America/Los_Angeles",
        "name": "Los Angeles International Airport",
        "longitude": -118.408263,
        "latitude": 33.942045,
        "id": "arp_lax_us",
        "icao_code": "KLAX",
        "iata_country_code": "US",
        "iata_code": "LAX",
        "iata_city_code": "LAX",
        "city_name": "Los Angeles",
        "city": {
          "type": "city",
          "time_zone": null,
          "name": "Los Angeles",
          "longitude": null,
          "latitude": null,
          "id": "cit_lax_us",
          "icao_code": null,
          "iata_country_code": "US",
          "iata_code": "LAX",
          "iata_city_code": "LAX",
          "city_name": null
        },
        "airports": null
      },
      "conditions": {
        "change_before_departure": {
          "penalty_currency": null,
          "penalty_amount": null,
          "allowed": false
        }
      }
    },
    {
      "segments": [
        {
          "stops": [],
          "passengers": [
            {
              "passenger_id": "pas_0000AUde3KY1SptM6ABSfT",
              "fare_basis_code": "Y20LGTN2",
              "cabin_class_marketing_name": "Economy",
              "cabin_class": "economy",
              "baggages": [
                {
                  "type": "checked",
                  "quantity": 1
                },
                {
                  "type": "carry_on",
                  "quantity": 1
                }
              ]
            },
            {
              "passenger_id": "pas_0000AUde3KY1SptM6ABSfU",
              "fare_basis_code": "Y20LGTN2",
              "cabin_class_marketing_name": "Economy",
              "cabin_class": "economy",
              "baggages": [
                {
                  "type": "checked",
                  "quantity": 1
                },
                {
                  "type": "carry_on",
                  "quantity": 1
                }
              ]
            }
          ],
          "origin_terminal": "2",
          "origin": {
            "type": "airport",
            "time_zone": "America/Los_Angeles",
            "name": "Los Angeles International Airport",
            "longitude": -118.408263,
            "latitude": 33.942045,
            "id": "arp_lax_us",
            "icao_code": "KLAX",
            "iata_country_code": "US",
            "iata_code": "LAX",
            "iata_city_code": "LAX",
            "city_name": "Los Angeles",
            "city": {
              "type": "city",
              "time_zone": null,
              "name": "Los Angeles",
              "longitude": null,
              "latitude": null,
              "id": "cit_lax_us",
              "icao_code": null,
              "iata_country_code": "US",
              "iata_code": "LAX",
              "iata_city_code": "LAX",
              "city_name": null
            },
            "airports": null
          },
          "operating_carrier_flight_number": "9902",
          "operating_carrier": {
            "name": "Duffel Airways",
            "logo_symbol_url": "https://assets.duffel.com/img/airlines/for-light-background/full-color-logo/ZZ.svg",
            "logo_lockup_url": null,
            "id": "arl_00009VME7D6ivUu8dn35WK",
            "iata_code": "ZZ",
            "conditions_of_carriage_url": null
          },
          "marketing_carrier_flight_number": "9902",
          "marketing_carrier": {
            "name": "Duffel Airways",
            "logo_symbol_url": "https://assets.duffel.com/img/airlines/for-light-background/full-color-logo/ZZ.svg",
            "logo_lockup_url": null,
            "id": "arl_00009VME7D6ivUu8dn35WK",
            "iata_code": "ZZ",
            "conditions_of_carriage_url": null
          },
          "id": "seg_0000AUde3KwTztSRK1cznF",
          "duration": "PT6H1M",
          "distance": "4075.389138263169",
          "destination_terminal": "1",
          "destination": {
            "type": "airport",
            "time_zone": "America/New_York",
            "name": "John F. Kennedy International Airport",
            "longitude": -73.778519,
            "latitude": 40.640556,
            "id": "arp_jfk_us",
            "icao_code": "KJFK",
            "iata_country_code": "US",
            "iata_code": "JFK",
            "iata_city_code": "NYC",
            "city_name": "New York",
            "city": {
              "type": "city",
              "time_zone": null,
              "name": "New York",
              "longitude": null,
              "latitude": null,
              "id": "cit_nyc_us",
              "icao_code": null,
              "iata_country_code": "US",
              "iata_code": "NYC",
              "iata_city_code": "NYC",
              "city_name": null
            },
            "airports": null
          },
          "departing_at": "2023-04-28T20:54:00",
          "arriving_at": "2023-04-29T05:55:00",
          "aircraft": {
            "name": "Boeing 777-300",
            "id": "arc_00009VMF8AhXSSRnQDI6HE",
            "iata_code": "773"
          }
        }
      ],
      "origin_type": "airport",
      "origin": {
        "type": "airport",
        "time_zone": "America/Los_Angeles",
        "name": "Los Angeles International Airport",
        "longitude": -118.408263,
        "latitude": 33.942045,
        "id": "arp_lax_us",
        "icao_code": "KLAX",
        "iata_country_code": "US",
        "iata_code": "LAX",
        "iata_city_code": "LAX",
        "city_name": "Los Angeles",
        "city": {
          "type": "city",
          "time_zone": null,
          "name": "Los Angeles",
          "longitude": null,
          "latitude": null,
          "id": "cit_lax_us",
          "icao_code": null,
          "iata_country_code": "US",
          "iata_code": "LAX",
          "iata_city_code": "LAX",
          "city_name": null
        },
        "airports": null
      },
      "id": "sli_0000AUde3KwTztSRK1cznG",
      "fare_brand_name": "Basic",
      "duration": "PT6H1M",
      "destination_type": "airport",
      "destination": {
        "type": "airport",
        "time_zone": "America/New_York",
        "name": "John F. Kennedy International Airport",
        "longitude": -73.778519,
        "latitude": 40.640556,
        "id": "arp_jfk_us",
        "icao_code": "KJFK",
        "iata_country_code": "US",
        "iata_code": "JFK",
        "iata_city_code": "NYC",
        "city_name": "New York",
        "city": {
          "type": "city",
          "time_zone": null,
          "name": "New York",
          "longitude": null,
          "latitude": null,
          "id": "cit_nyc_us",
          "icao_code": null,
          "iata_country_code": "US",
          "iata_code": "NYC",
          "iata_city_code": "NYC",
          "city_name": null
        },
        "airports": null
      },
      "conditions": {
        "change_before_departure": {
          "penalty_currency": null,
          "penalty_amount": null,
          "allowed": false
        }
      }
    }
  ],
  "private_fares": [],
  "payment_requirements": {
    "requires_instant_payment": false,
    "price_guarantee_expires_at": "2023-04-16T09:28:21Z",
    "payment_required_by": "2023-04-17T09:28:21Z"
  },
  "passengers": [
    {
      "type": "adult",
      "loyalty_programme_accounts": [],
      "id": "pas_0000AUde3KY1SptM6ABSfT",
      "given_name": null,
      "family_name": null,
      "age": null
    },
    {
      "type": "adult",
      "loyalty_programme_accounts": [],
      "id": "pas_0000AUde3KY1SptM6ABSfU",
      "given_name": null,
      "family_name": null,
      "age": null
    }
  ],
  "passenger_identity_documents_required": false,
  "partial": false,
  "owner": {
    "name": "Duffel Airways",
    "logo_symbol_url": "https://assets.duffel.com/img/airlines/for-light-background/full-color-logo/ZZ.svg",
    "logo_lockup_url": null,
    "id": "arl_00009VME7D6ivUu8dn35WK",
    "iata_code": "ZZ",
    "conditions_of_carriage_url": null
  },
  "live_mode": false,
  "id": "off_1",
  "expires_at": "2043-04-14T09:58:21.400481Z",
  "created_at": "2023-04-14T09:28:21.405707Z",
  "conditions": {
    "refund_before_departure": {
      "penalty_currency": "GBP",
      "penalty_amount": "110.00",
      "allowed": true
    },
    "change_before_departure": {
      "penalty_currency": null,
      "penalty_amount": null,
      "allowed": false
    }
  },
  "base_currency": "GBP",
  "base_amount": "553.08",
  "available_services": [
    {
      "type": "baggage",
      "total_currency": "GBP",
      "total_amount": "20.00",
      "segment_ids": ["seg_0000AUde3KwTztSRK1cznF"],
      "passenger_ids": ["pas_0000AUde3KY1SptM6ABSfT"],
      "metadata": {
        "type": "checked",
        "maximum_weight_kg": 23,
        "maximum_length_cm": null,
        "maximum_height_cm": null,
        "maximum_depth_cm": null
      },
      "maximum_quantity": 1,
      "id": "ase_0000AUde3M2LtBE9WNJZYW"
    },
    {
      "type": "baggage",
      "total_currency": "GBP",
      "total_amount": "20.00",
      "segment_ids": ["seg_0000AUde3KwTztSRK1cznF"],
      "passenger_ids": ["pas_0000AUde3KY1SptM6ABSfU"],
      "metadata": {
        "type": "checked",
        "maximum_weight_kg": 23,
        "maximum_length_cm": null,
        "maximum_height_cm": null,
        "maximum_depth_cm": null
      },
      "maximum_quantity": 1,
      "id": "ase_0000AUde3M2LtBE9WNJZYZ"
    },
    {
      "type": "cancel_for_any_reason",
      "total_currency": "GBP",
      "total_amount": "97.45",
      "segment_ids": ["seg_0000AUde3KwTztSRK1cznF"],
      "passenger_ids": [
        "pas_0000AUde3KY1SptM6ABSfT",
        "pas_0000AUde3KY1SptM6ABSfU"
      ],
      "metadata": {
        "terms_and_conditions_url": "https://duffel.com/cfar_terms_and_conditions",
        "refund_amount": "489.48",
        "merchant_copy": "Cancel for any reason - Provided in partnership with Duffel\nIf you purchase this product we can refund up to 75% of your base fare if you cancel 24 hours before your first scheduled departure. To cancel, please contact us using the details in your email confirmation.\n\nNote this is not insurance and may be purchased in addition to your travel insurance. See the CFAR terms and conditions here: https://duffel.com/cfar_terms_and_conditions.\n"
      },
      "maximum_quantity": 1,
      "id": "cfa_0000AUde3MAVOrkVvf85GT"
    }
  ],
  "allowed_passenger_identity_document_types": []
}
